"armor","classs","commondrop","displayid","dps","flags2","id","level","name","reqclass","reqlevel","reqrace","side","slot","slotbak","source__001","source__002","sourcemore__bd","sourcemore__dd","sourcemore__c","sourcemore__icon","sourcemore__c2","sourcemore__n","sourcemore__s","sourcemore__t","sourcemore__ti","sourcemore__z","speed","subclass","firstseenpatch","popularity","contentPhase"
"","2","","22734","35.56","8192","6975","40","5Whirlwind Axe","1","30","","","17","17","4","","","","-81","","4","Whirlwind Weapon","","5","1792","","3.60","1","0","15979","1"
"","2","","22221","37.29","8192","7717","42","5Ravager","","37","","","17","17","2","","","-1","","","","Herod","","1","3975","796","3.50","1","0","11434","1"
"","2","","7324","24.64","8192","3853","36","6Moonsteel Broadsword","","31","","","17","17","1","","","","11","inv_sword_25","","Moonsteel Broadsword","164","6","3496","","2.80","8","0","9882","1"
"","2","","22217","28.95","8192","6687","34","5Corpsemaker","","29","","","17","17","2","","","-1","","","","Overlord Ramtusk","","1","4420","491","3.80","1","0","8119","1"
"","2","","23904","53.82","8192","12784","63","5Arcanite Reaper","","58","","","17","17","1","","","","11","inv_axe_09","","Arcanite Reaper","164","6","16994","","3.80","1","0","7806","1"
"","2","","29698","80.41","8192","17182","80","3Sulfuras, Hand of Ragnaros","","60","","","17","17","","","","","","","","","","","","","3.70","5","0","7639","2"
"","2","","19645","29.00","8192","9449","34","5Manual Crowd Pummeler","","29","","","17","17","2","","1","-1","","","","Crowd Pummeler 9-60","","1","6229","721","2.00","5","0","7283","1"
"","2","","13466","25.63","8192","6953","31","5Verigan's Fist","2","20","","1","17","17","4","","","","-141","","4","The Test of Righteousness","","5","1806","","3.20","5","0","7278","1"
"","2","","20616","52.12","8192","9372","55","4Sul'thraze the Lasher","","50","","","17","17","","","","","","","","","","","","","2.60","8","0","6915","1"
"","2","","18607","38.82","8192","6830","44","5Bonebiter","","34","","1","17","17","4","","","","796","","2","In the Name of the Light","","5","1053","","3.40","1","0","6779","1"
"","2","","31735","67.00","8192","19169","70","4Nightfall","","60","","","17","17","1","","","","11","inv_axe_12","","Nightfall","164","6","23653","","3.50","1","0","6295","3"
"","2","","22731","35.52","8192","6977","40","5Whirlwind Sword","1","30","","","17","17","4","","","","-81","","4","Whirlwind Weapon","","5","1792","","2.90","8","0","5310","1"
"","2","","33458","40.34","8192","870","40","4Fiery War Axe","","35","","","17","17","2","","","","","","","","","","","","2.90","1","0","4817","1"
"","2","","22906","59.43","8192","12592","63","4Blackblade of Shahram","","58","","","17","17","","","","","","","","","","","","","3.50","8","0","4734","1"
"","2","","22220","38.88","8192","9425","44","5Pendulum of Doom","","39","","","17","17","2","","","-1","","","","Stonevault Brawler","","1","4855","1337","4.00","1","0","4624","1"
"","2","","29699","63.65","8192","17193","67","4Sulfuron Hammer","","60","","","17","17","1","","","","11","inv_hammer_unique_sulfuras","","Sulfuron Hammer","164","6","21161","","3.70","5","0","4503","1"
"","2","","19305","47.36","8192","2291","49","4Kang the Decapitator","","44","","","17","17","2","","","","","","","","","","","","3.60","1","0","4267","1"
"","2","","23228","41.84","8192","13018","48","5Executioner's Cleaver","","43","","","17","17","2","","","","","","","","","","","","3.80","1","0","4089","1"
"","2","","34112","64.71","8192","18822","68","4Obsidian Edged Blade","","60","","","17","17","2","","1","","","","","","","","","2717","3.40","8","0","4063","1"
"","2","","25079","35.74","8192","6976","40","5Whirlwind Warhammer","1","30","","","17","17","4","","","","-81","","4","Whirlwind Weapon","","5","1792","","3.40","5","0","3666","1"
"","2","","20191","43.39","8192","1982","44","4Nightblade","","39","","","17","17","2","","","","","","","","","","","","2.80","8","0","3645","1"
"","2","","20251","23.94","8192","2000","35","6Archeus","","28","","1","17","17","4","","","","10","","0","A Daughter's Love","","5","231","","3.30","8","0","3583","1"
"","2","","15466","28.91","8192","7730","34","5Cobalt Crusher","","29","","","17","17","2","","","-1","","","","","","","","796","3.20","5","0","3455","1"
"","2","","20071","19.60","8192","12992","23","5Searing Blade","","18","","","17","17","2","","","","","","","","","","","","2.50","8","0","3265","1"
"","2","","35097","90.00","8192","22691","86","4Corrupted Ashbringer","","60","","","17","17","2","","1","","","","","","","2","181366","3456","3.60","8","0","2960","6"
"","2","","20185","25.61","8192","6909","31","5Strike of the Hydra","","26","","","17","17","2","","","-1","","","","Aku'mai","","1","4829","719","3.30","8","0","2956","1"
"","2","","20193","42.69","8192","9418","49","5Stoneslayer","","44","","","17","17","2","","1","-1","","","","Archaedas","","1","2748","1337","3.90","8","0","2925","1"
"","2","","32199","75.88","8192","17076","77","4Bonereaver's Edge","","60","","","17","17","2","","1","","","","","Ragnaros","","1","11502","2717","3.40","8","0","2895","1"
"","2","","28624","45.00","8192","13052","52","5Warmonger","","47","","","17","17","2","","","","","","","","","","","","3.00","8","0","2843","1"
"","2","","19620","42.70","8192","9413","49","5The Rockpounder","","44","","","17","17","2","","1","-1","","","","Archaedas","","1","2748","1337","3.70","5","0","2790","1"
"","2","","25046","47.43","8192","11608","55","5Dark Iron Pulverizer","","50","","","17","17","1","","","","11","inv_hammer_09","","Dark Iron Pulverizer","164","6","15292","","3.70","5","0","2649","1"
"","2","","20190","53.85","8192","647","57","4Destiny","","52","","","17","17","2","","","","","","","","","","","","2.60","8","0","2560","1"
"","2","","21252","38.93","8192","7723","44","5Mograine's Might","","39","","","17","17","2","","","-1","","","","Scarlet Commander Mograine","","1","3976","796","2.80","5","0","2457","1"
"","2","","31613","53.89","8192","19106","63","5Ice Barbed Spear","","51","","","17","17","4","","","","","","","","","","","2597","3.60","6","0","2445","3"
"","2","","22215","56.67","8192","1263","60","4Brain Hacker","","55","","","17","17","2","","","","","","","","","","","","2.10","1","0","2292","1"
"","2","","28719","50.54","8192","11931","59","5Dreadforge Retaliator","","54","","","17","17","2","","1","-1","","","","Emperor Dagran Thaurissan","","1","9019","1584","3.70","1","0","2278","1"
"","2","","28675","42.58","8192","13043","49","5Blade of the Titans","","44","","","17","17","2","","","","","","","","","","","","3.30","8","0","2266","1"
"","2","","19389","27.73","8192","2299","33","5Burning War Axe","","28","","","17","17","2","","","","","","","","","","","","3.30","1","0","2260","1"
"","2","","24166","59.44","8192","13505","63","4Runeblade of Baron Rivendare","","58","","","17","17","","","","","","","","","","","","","3.60","8","0","2057","1"
"","2","","19779","37.27","8192","10758","42","5X'caliboar","","35","","","17","17","2","","","-1","","","","Ragglesnout","","1","7354","722","3.30","8","0","2044","1"
"","2","","25627","30.17","8192","13045","35","5Viscous Hammer","","30","","","17","17","2","","","","","","","","","","","","2.90","5","0","1966","1"
"","2","","29939","46.47","8192","17766","54","5Princess Theradras' Scepter","","49","","","17","17","2","","1","-1","","","","Princess Theradras","","1","12201","2100","3.40","5","0","1949","1"
"30","2","","25625","48.89","8192","11921","57","5Impervious Giant","","52","","","17","17","2","","1","-1","","","","","","","","1584","2.70","5","0","1939","1"
"","2","","32000","81.86","8192","19364","81","4Ashkandi, Greatsword of the Brotherhood","","60","","","17","17","2","","1","","","","","Nefarian","","1","11583","2677","3.50","8","0","1871","3"
"","2","","31817","61.45","8192","19323","65","4The Unstoppable Force","","60","","","17","17","","","","","","","","","","","","","3.80","5","0","1868","3"
"","2","","29907","45.78","8192","17730","53","5Gatorbite Axe","","48","","","17","17","2","","1","-1","","","","Rotgrip","","1","13596","2100","3.20","1","0","1825","1"
"","2","","28794","48.13","8192","13003","56","5Lord Alexander's Battle Axe","","51","","","17","17","2","","","","","","","","","","","","3.20","1","0","1791","1"
"","2","","19371","26.67","8192","7753","32","5Bloodspiller","","27","","","17","17","2","","","-1","","","","","","","","796","2.70","1","0","1755","1"
"","2","","32200","74.71","8192","17104","76","4Spinal Reaper","","60","","","17","17","2","","1","","","","","Ragnaros","","1","11502","2717","3.40","1","0","1695","1"
"","2","","35239","95.26","8192","22798","89","4Might of Menethil","","60","","","17","17","2","","1","","","","","Kel'Thuzad","","1","15990","3456","3.80","5","0","1635","6"
"","2","","23908","49.75","8192","13285","58","5The Blackrock Slicer","","53","","","17","17","2","","1","-1","","","","Spirestone Battle Lord","","1","9218","1583","4.00","1","0","1623","1"
"","2","","20188","34.72","8192","1604","45","6Chromatic Sword","","40","","","17","17","2","","","-1","","","","Scale Belly","","1","1552","33","3.60","8","0","1618","1"
"100","2","","20249","31.29","8192","9385","36","5Archaic Defender","","31","","","17","17","2","","","","","","","","","","","","3.10","8","0","1579","1"
"","2","","19610","19.71","8192","7230","23","5Smite's Mighty Hammer","","18","","","17","17","2","","","-1","","","","Mr. Smite","","1","646","1581","3.50","5","0","1571","1"
"","2","","26674","48.94","8192","16039","57","5Ta'Kierthan Songblade","","52","","","17","17","2","","","-1","","","","Lord Darkscythe","","1","10826","139","3.30","8","0","1559","1"
"","2","","22233","40.93","8192","9416","47","5Grimlok's Charge","","42","","","17","17","2","","1","-1","","","","Grimlok","","1","4854","1337","2.70","6","0","1544","1"
"","2","","20172","30.17","8192","7689","35","5Morbid Dawn","","30","","","17","17","2","","","-1","","","","Fallen Champion","","1","6488","796","2.90","8","0","1442","1"
"","2","","19664","49.57","8192","2915","52","4Taran Icebreaker","","47","","","17","17","2","","","","","","","Jadefire Felsworn","","1","7109","361","2.30","5","0","1394","1"
"","2","","19298","32.59","8192","9459","37","5Thermaplugg's Left Arm","","32","","","17","17","2","","1","-1","","","","Mekgineer Thermaplugg","","1","7800","721","2.70","1","0","1391","1"
"","2","","28791","21.72","8192","13016","26","5Killmaim","","21","","","17","17","2","","","","","","","","","","","","3.20","1","0","1390","1"
"","2","","24049","53.82","8192","13348","63","5Demonshear","","58","","","17","17","2","","","-1","","","","","","","","2017","3.80","8","0","1384","1"
"","2","","22209","42.76","8192","9475","49","5Diabolic Skiver","","44","","","17","17","2","","1","-1","","","","Shadowpriest Sezz'ziz","","1","7275","1176","2.90","6","0","1373","1"
"","2","","29176","59.35","8192","17074","63","4Shadowstrike","","58","","","17","17","2","","1","","","","","Sulfuron Harbinger","","1","12098","2717","3.10","6","0","1339","1"
"","2","","22213","39.46","8192","10652","51","6Will of the Mountain Giant","","40","","2","17","17","4","","","","357","","1","Weapons of Spirit","","5","3129","","2.80","1","0","1338","1"
"","2","","23264","45.00","8192","7960","52","5Truesilver Champion","","47","","","17","17","1","","","","11","inv_sword_19","","Truesilver Champion","164","6","10015","","3.00","8","0","1309","1"
"","2","","33435","86.57","8192","21134","84","4Dark Edge of Insanity","","60","","","17","17","2","","1","","","","","C'Thun","","1","15727","3428","3.50","1","0","1276","5"
"","2","","28804","17.50","8192","12975","20","5Prospector Axe","","15","","","17","17","2","","","","","","","","","","","","2.40","1","0","1257","1"
"","2","","26676","53.94","8192","13982","63","5Warblade of Caer Darrow","","57","","","17","17","4","","","","2057","","2","The Lich, Ras Frostwhisper","","5","5466","","3.30","8","0","1244","1"
"","2","","11271","32.50","8192","6327","37","5The Pacifier","","32","","","17","17","2","","","-1","","","","Lo'Grosh","","1","2453","36","4.00","5","0","1235","1"
"","2","","28796","34.53","8192","10570","39","5Manslayer","","34","","","17","17","","","","","","","","","","","","","3.20","1","0","1184","1"
"","2","","32162","62.57","8192","17073","66","4Earthshaker","","60","","","17","17","2","","1","","","","","Magmadar","","1","11982","2717","3.50","5","0","1166","1"
"","2","","28598","38.93","8192","13051","44","5Witchfury","","39","","","17","17","2","","","","","","","","","","","","2.80","8","0","1151","1"
"","2","","25180","51.36","8192","13167","60","5Fist of Omokk","","55","","","17","17","2","","1","-1","","","","Highlord Omokk","","1","9196","1583","3.30","5","0","1145","1"
"250","2","","30867","52.97","8192","18531","62","5Unyielding Maul","","57","","","17","17","2","","","-1","","","","","","","","2557","3.20","5","0","1127","2"
"","2","","24813","53.83","8192","12790","63","5Arcanite Champion","","58","","","17","17","1","","","","11","inv_sword_39","","Arcanite Champion","164","6","16990","","3.00","8","0","1056","1"
"","2","","22216","22.37","8192","2523","35","7Bullova","","30","","","17","17","5","","","","","","","","","","","","3.80","1","0","1051","1"
"","2","","25599","35.52","8192","13017","40","5Hellslayer Battle Axe","","35","","","17","17","2","","","","","","","","","","","","2.90","1","0","1049","1"
"","2","","19221","17.60","8192","5423","20","5Boahn's Fang","","15","","","17","17","2","","","","","","","Boahn","","1","3672","","2.50","1","0","1043","1"
"","2","","25047","53.82","8192","12796","63","5Hammer of the Titans","","58","","","17","17","1","","","","11","inv_hammer_09","","Hammer of the Titans","164","6","16988","","3.80","5","0","1028","1"
"","2","","31996","77.37","8192","18876","78","4Grand Marshal's Claymore","","60","","","17","17","","","","","","","","","","","","","3.80","8","0","1025","2"
"","2","","35010","55.66","8192","22348","65","5Doomulus Prime","","60","","","17","17","4","","","","1377","","1","The Perfect Poison","","5","9023","","3.80","5","0","1022","5"
"","2","","18409","23.91","8192","9490","29","5Gizmotron Megachopper","","24","","","17","17","2","","","-1","","","","","","","","721","3.20","8","0","1020","1"
"","2","","33033","44.85","8192","20504","52","5Lightforged Blade","","47","","","17","17","","","","","","","","","","","","","3.30","8","0","995","4"
"","2","","19596","31.22","8192","4983","42","6Rock Pulverizer","","30","","1","17","17","4","","","","3","","0","Murdaloc","","5","739","","3.70","5","0","965","1"
"60","2","","28758","18.97","8192","12989","22","5Gargoyle's Bite","","20","","","17","17","2","","","","","","","","","","","","2.90","6","0","955","1"
"","2","","18269","30.14","8192","4128","41","6Silver Spade","","30","","","17","17","4","","","","33","","0","Venture Company Mining","","5","600","","3.70","5","0","951","1"
"","2","","19311","39.46","8192","9685","51","6Will of the Mountain Giant","","46","","","17","17","","","","","","","","","","","","","2.80","1","0","940","1"
"","2","","5193","60.24","8192","2801","64","4Blade of Hanna","","59","","","17","17","2","","","","","","","","","","","","2.10","8","0","921","1"
"","2","","31174","50.44","8192","18725","59","5Peacemaker","","54","","","17","17","2","","1","-1","","","","Magistrate Barthilas","","1","10435","2017","3.40","6","0","915","1"
"","2","","5228","22.92","8192","3203","28","5Dense Triangle Mace","","23","","","17","17","2","","","","","","","","","","","","2.40","5","0","913","1"
"","2","","18269","32.50","8192","9391","37","5The Shoveler","1","32","","","17","17","2","","","","","","","Shadowforge Ruffian","","1","4845","3","3.40","5","0","889","1"
"","2","","20180","21.67","8192","3822","32","6Runic Darkblade","","19","","2","17","17","4","","","","267","","0","Battle of Hillsbrad","","5","550","","3.30","8","0","885","1"
"","2","","20155","15.88","8192","4818","24","6Executioner's Sword","","19","","","17","17","5","","","","","","","","","","","","3.40","8","0","876","1"
"","2","","20250","21.67","8192","3209","32","6Ancient War Sword","","23","","1","17","17","4","","","","11","","0","Defeat Nek'rosh","","5","474","","3.30","8","0","861","1"
"","2","","20177","18.23","8192","6741","29","7Orcish War Sword","","25","","2","17","17","4","","","","17","","1","A New Ore Sample","","5","1153","","3.10","8","0","847","1"
"","2","True","7464","10.00","8192","1485","25","8Pitchfork","","20","","","17","17","2","","","","","","","","","","","267","3.70","6","0","846","1"
"","2","","8590","23.75","8192","1976","29","5Slaghammer","","24","","","17","17","2","","","-1","","","","","","","","491","2.80","5","0","844","1"
"","2","","19290","19.70","8192","1318","23","5Night Reaver","","18","","","17","17","2","","","","","","","","","","","","3.30","1","0","828","1"
"","2","","31720","62.62","8192","19167","66","4Blackfury","","60","","","17","17","1","","","","11","inv_spear_08","","Blackfury","164","6","23639","","2.10","6","0","822","3"
"","2","","28764","35.65","8192","13054","40","5Grim Reaper","","35","","","17","17","2","","","","","","","","","","","","3.10","6","0","817","1"
"","2","","20153","21.03","8192","2205","25","5Duskbringer","","20","","","17","17","2","","","-1","","","","","","","","209","3.40","8","0","814","1"
"","2","","15467","37.19","8192","1722","42","5Thornstone Sledgehammer","","37","","","17","17","2","","","","","","","","","","","","3.20","5","0","807","1"
"","2","","30853","53.91","8192","18520","63","5Barbarous Blade","","58","","","17","17","2","","1","-1","","","","King Gordok","","1","11501","2557","3.20","8","0","786","2"
"","2","","24255","49.67","8192","12782","58","5Corruption","","53","","","17","17","1","","","","11","inv_sword_07","","Corruption","164","6","16985","","3.00","8","0","784","1"
"","2","","30792","53.83","8192","18420","63","5Bonecrusher","","","","","17","17","","","","","","","","","","","","","3.00","5","0","770","2"
"40","2","","28768","21.72","8192","13041","26","5Guardian Blade","","21","","","17","17","2","","","","","","","","","","","","2.90","8","0","768","1"
"","2","","3243","11.82","8192","15424","18","6Axe of Orgrimmar","","9","","2","17","17","4","","","","1637","","1","Hidden Enemies","","5","5730","","3.30","1","0","746","1"
"","2","","28809","18.27","8192","12983","21","5Rakzur Club","","16","","","17","17","2","","","","","","","","","","","","2.60","5","0","743","1"
"","2","","32603","64.61","8192","19854","68","4Zin'rokh, Destroyer of Worlds","","60","","","17","17","2","","1","","","","","Hakkar","","1","14834","1977","3.80","8","0","727","4"
"","2","","18324","39.60","8192","9423","45","5The Jackhammer","","40","","","17","17","","","","","","","","","","","","","2.50","5","0","708","1"
"","2","","9057","20.97","8192","5815","31","6Glacial Stone","","18","","1","17","17","4","","","","331","","1","Raene's Cleansing","","5","1046","","3.60","5","0","703","1"
"","2","","25626","49.73","8192","13047","58","5Twig of the World Tree","","53","","","17","17","2","","","","","","","","","","","2677","3.70","5","0","694","3"
"","2","","19307","30.17","8192","9521","41","6Skullsplitter","","30","","2","17","17","4","","","","45","","0","Call to Arms","","5","679","","2.90","1","0","693","1"
"","2","","28804","21.00","8192","23171","25","5The Axe of Severing","","20","","","17","17","2","","","","","","","Sever","","1","14682","","3.00","1","0","693","6"
"","2","","31999","70.74","8192","19334","73","4The Untamed Blade","","60","","","17","17","2","","1","","","","","Razorgore the Untamed","","1","12435","2677","3.40","8","0","691","3"
"","2","","19622","18.33","8192","3194","21","5Black Malice","","16","","","17","17","2","","","-1","","","","","","","","209","3.30","5","0","689","1"
"","2","","8516","9.06","8192","3488","13","6Copper Battle Axe","","8","","","17","17","1","","","","11","inv_throwingaxe_02","","Copper Battle Axe","164","6","3293","","3.20","1","0","673","1"
"","2","","20078","11.21","8192","1566","17","6Edge of the People's Militia","","9","","1","17","17","4","","","","40","","0","The People's Militia","","5","14","","2.90","8","0","667","1"
"","2","","28073","42.58","8192","11907","55","6Beastslayer","","50","","","17","17","4","","","","490","","1","The Mighty U'cha","","5","4301","","3.30","1","0","652","1"
"","2","","22212","48.08","8192","11816","56","5Angerforge's Battle Axe","","51","","","17","17","2","","1","-1","","","","General Angerforge","","1","9033","1584","2.60","1","0","650","1"
"","2","","18328","35.61","8192","9383","40","5Obsidian Cleaver","","35","","","17","17","2","","","-1","","","","Stonevault Oracle","","1","4852","1337","3.30","1","0","639","1"
"","2","","8528","25.57","8192","3855","37","6Massive Iron Axe","","32","","","17","17","1","","","","11","inv_throwingaxe_05","","Massive Iron Axe","164","6","3498","","3.50","1","0","637","1"
"","2","","25630","23.13","8192","13057","28","5Bloodpike","","23","","","17","17","2","","","","","","","","","","","","3.20","6","0","622","1"
"","2","","22792","54.00","8192","12583","63","5Blackhand Doomsaw","","58","","","17","17","2","","","-1","","","","Warchief Rend Blackhand","","1","10429","1583","3.50","6","0","618","1"
"","2","","22222","18.33","8192","6905","27","6Reef Axe","","22","","","17","17","2","","","-1","","","","Gelihast","","1","6243","719","3.30","1","0","617","1"
"","2","","19309","42.66","8192","9481","49","5The Minotaur","","44","","","17","17","","","","","","","","","","","","","3.20","1","0","613","1"
"","2","","19296","19.63","8192","5194","23","5Taskmaster Axe","","18","","","17","17","2","","","-1","","","","Sneed","","1","643","1581","2.70","1","0","601","1"
"","2","","22235","41.83","8192","9480","48","5Eyegouger","","43","","","17","17","","","","","","","","","","","","","3.00","6","0","599","1"
"","2","","22112","4.29","8192","2491","8","7Large Axe","","3","","","17","17","5","","","","","","","","","","","","2.80","1","0","569","1"
"","2","","20087","12.50","8192","1387","19","6Ghoulfang","","14","","","17","17","2","","","-1","","","","Leprithus","","1","572","40","3.60","8","0","568","1"
"","2","","30881","59.44","8192","18538","63","4Treant's Bane","","58","","","17","17","2","","1","","","","","","","2","179564","2557","2.70","1","0","538","2"
"","2","","28678","36.52","8192","13042","41","5Sword of the Magistrate","","36","","","17","17","2","","","","","","","","","","","","3.30","8","0","529","1"
"","2","","25600","46.48","8192","12769","54","5Bleakwood Hew","","49","","","17","17","","","","","","","","","","","","","2.70","1","0","514","1"
"","2","","28677","43.39","8192","13046","50","5Blanchard's Stout","","45","","","17","17","2","","","","","","","","","","","","3.10","5","0","495","1"
"","2","","20749","31.30","8192","1726","36","5Poison-tipped Bone Spear","","31","","","17","17","2","","","","","","","","","","","","2.30","6","0","493","1"
"","2","","20149","32.59","8192","10573","37","5Boneslasher","","32","","","17","17","2","","","-1","","","","Withered Quilguard","","1","7329","722","2.70","8","0","471","1"
"","2","","20151","27.76","8192","2877","33","5Combatant Claymore","","28","","","17","17","2","","","","","","","","","","","","2.90","8","0","468","1"
"","2","","19234","13.00","8192","1893","20","6Miner's Revenge","","15","","1","17","17","4","","","","1581","","2","Oh Brother. . .","","5","167","","3.50","1","0","461","1"
"","2","","28717","51.43","8192","13053","60","5Doombringer","","55","","","17","17","2","","","","","","","","","","","","2.80","8","0","452","1"
"","2","","32717","45.00","8192","20083","52","5Hunting Spear","","","","","17","17","","","","","","","","","","","","","3.10","6","0","444","4"
"","2","","19647","21.14","8192","3851","31","6Solid Iron Maul","","26","","","17","17","1","","","","11","inv_hammer_07","","Solid Iron Maul","164","6","3494","","3.50","5","0","435","1"
"","2","","19646","18.19","8192","6093","27","6Orc Crusher","","18","","1","17","17","4","","","","44","","0","Tharil'zun","","5","19","","3.60","5","0","432","1"
"","2","","20252","28.82","8192","3854","40","6Frost Tiger Blade","","35","","","17","17","1","","","","11","inv_sword_05","","Frost Tiger Blade","164","6","3497","","3.40","8","0","425","1"
"","2","","22238","34.81","8192","7758","39","5Ruthless Shiv","","34","","","17","17","2","","","-1","","","","","","","","796","2.70","6","0","424","1"
"","2","","27412","53.87","8192","15418","63","5Shimmering Platinum Warhammer","","52","","","17","17","4","","","","28","","0","In Dreams","","5","5944","","3.10","5","0","423","1"
"","2","","25633","44.85","8192","13059","52","5Stoneraven","","47","","","17","17","2","","","","","","","","","","","","3.30","6","0","419","1"
"","2","","19295","23.04","8192","9486","28","5Supercharger Battle Axe","","23","","","17","17","2","","","-1","","","","","","","","721","2.80","1","0","417","1"
"","2","","35371","81.81","8192","22815","81","4Severance","","60","","","17","17","2","","1","","","","","Patchwerk","","1","16028","3456","3.60","1","0","413","6"
"","2","","6808","12.50","8192","4778","19","6Heavy Spiked Mace","","14","","","17","17","5","","","","","","","","","","","","3.40","5","0","413","1"
"","2","","31265","67.07","8192","18803","70","4Finkle's Lava Dredger","","60","","","17","17","2","","1","","","","","Cache of the Firelord","","2","179703","2717","2.90","5","0","409","1"
"","2","","28790","38.80","8192","13058","44","5Khoo's Point","","39","","","17","17","2","","","","","","","","","","","","2.50","6","0","408","1"
"","2","","20174","21.61","8192","3417","26","5Onyx Claymore","","21","","","17","17","2","","","-1","","","","","","","","719","2.80","8","0","407","1"
"","2","","26591","7.14","8192","8178","10","6Training Sword","","5","","","17","17","2","","","","","","","","","","","","3.50","8","0","407","1"
"","2","","21793","48.13","8192","11803","56","5Force of Magma","","51","","","17","17","2","","1","-1","","","","Bael'Gar","","1","9016","1584","3.20","5","0","400","1"
"","2","","29191","59.35","8192","17223","63","4Thunderstrike","","58","","","17","17","","","","","","","","","","","","","3.10","6","0","388","1"
"","2","","34481","68.24","8192","21856","71","4Neretzek, The Blood Drinker","","60","","","17","17","2","","","","","","","","","","","","3.70","1","0","387","5"
"","2","","28707","23.75","8192","13049","29","5Deanship Claymore","","26","","","17","17","2","","","","","","","","","","","","2.80","8","0","380","1"
"","2","","19611","17.61","8192","5322","26","6Demolition Hammer","","17","","2","17","17","4","","","","17","","1","Weapons of Choice","","5","893","","2.30","5","0","378","1"
"","2","","25649","52.14","8192","14541","61","5Barovian Family Sword","","56","","","17","17","2","","","-1","","","","Jandice Barov","","1","10503","2057","2.10","8","0","375","1"
"","2","","20196","12.59","8192","3487","19","6Heavy Copper Broadsword","","14","","","17","17","1","","","","11","inv_sword_14","","Heavy Copper Broadsword","164","6","3292","","2.70","8","0","370","1"
"","2","","20198","45.93","8192","12463","53","5Drakefang Butcher","","48","","","17","17","2","","1","-1","","","","","","","","1477","2.70","8","0","369","1"
"","2","","28673","45.00","8192","12528","52","5The Judge's Gavel","","47","","","17","17","2","","","-1","","","","","","","","1584","3.40","5","0","366","1"
"","2","","30886","64.66","8192","18542","68","4Typhoon","","60","","","17","17","2","","","","","","","Azuregos","","1","6109","","2.90","8","0","352","2"
"","2","","22218","48.85","8192","11607","57","5Dark Iron Sunderer","","52","","","17","17","1","","","","11","inv_weapon_halberd_02","","Dark Iron Sunderer","164","6","15294","","2.60","1","0","350","1"
"","2","","20167","17.50","8192","6641","26","6Haunting Blade","","21","","","17","17","2","","1","-1","","","","Deathsworn Captain","","1","3872","209","3.80","8","0","346","1"
"","2","","31958","77.37","8192","18831","78","4High Warlord's Battle Axe","","60","","","17","17","","","","","","","","","","","","","3.80","1","0","343","2"
"","2","","3151","30.23","8192","4548","41","6Servomechanic Sledgehammer","","","","","17","17","4","","","","45","","0","Sunken Treasure","","5","666","","2.20","5","0","341","1"
"","2","","31998","77.37","8192","18877","78","4High Warlord's Greatsword","","60","","","17","17","","","","","","","","","","","","","3.80","8","0","339","2"
"","2","","34304","81.88","8192","21679","81","4Kalimdor's Revenge","","60","","","17","17","2","","1","","","","","Emperor Vek'nilash","","1","15275","3428","3.20","8","0","338","5"
"","2","","9055","21.61","8192","5813","32","6Emil's Brand","","24","","1","17","17","4","","","","331","","1","Insane Druids","","5","1012","","3.10","8","0","338","1"
"","2","","25629","52.11","8192","13393","61","5Malown's Slam","","56","","","17","17","2","","1","-1","","","","Postmaster Malown","","1","11143","2017","3.80","5","0","334","1"
"","2","","22223","32.50","8192","9679","43","6Tok'kar's Murloc Chopper","","35","","2","17","17","4","","","","8","","0","Threat From the Sea","","5","1427","","3.20","1","0","333","1"
"","2","","7319","14.60","8192","4817","22","6Blessed Claymore","","17","","","17","17","5","","","","","","","","","","","","2.50","8","0","331","1"
"","2","","33143","53.85","8192","20696","63","5Crystal Spiked Maul","","58","","","17","17","","","","","","","","","","","","","3.90","5","0","330","4"
"","2","","20182","21.09","8192","5614","31","6Seraph's Strike","","13","","1","17","17","4","","","","148","","1","The Tower of Althalaxx","","5","981","","3.20","8","0","327","1"
"","2","","8531","7.03","8192","4562","10","6Severing Axe","","5","","","17","17","2","","","","","","","","","","","","3.20","1","0","318","1"
"","2","","23239","53.89","8192","18717","63","5Hammer of the Grand Crusader","","58","","","17","17","2","","","-1","","","","","","","","2017","2.70","5","0","313","1"
"","2","","28546","32.50","8192","15251","43","6Headstriker Sword","","38","","","17","17","2","","","","","","","","","","","","2.40","8","0","312","1"
"","2","","22225","13.06","8192","5318","20","6Zhovur Axe","","12","","2","17","17","4","","","","17","","1","Serena Bloodfeather","","5","876","","3.10","1","0","312","1"
"","2","","35259","85.00","8192","23039","83","4The Eye of Nerub","","60","","","17","17","2","","1","","","","","Loatheb","","1","16011","3456","3.70","6","0","306","6"
"","2","","12562","48.21","8192","13056","56","5Frenzied Striker","","51","","","17","17","2","","","","","","","","","","","","2.80","6","0","304","1"
"","2","","31857","73.38","8192","19353","75","4Drake Talon Cleaver","","60","","","17","17","2","","1","","","","","","","","","2677","3.40","1","0","297","3"
"","2","","19617","43.38","8192","10626","50","5Ragehammer","","45","","","17","17","","","","","","","","","","","","","3.70","5","0","293","1"
"","2","","19538","11.79","8192","4777","18","6Ironwood Maul","","13","","","17","17","5","","","","","","","","","","","","2.80","5","0","293","1"
"","2","","11165","17.58","8192","3191","26","6Arced War Axe","","21","","","17","17","2","","1","-1","","","","Commander Springvale","","1","4278","209","3.30","1","0","287","1"
"","2","","23683","53.03","8192","13163","62","5Relentless Scythe","","57","","","17","17","2","","1","-1","","","","Overlord Wyrmthalak","","1","9568","1583","3.30","8","0","282","1"
"","2","","31877","67.00","8192","19358","70","4Draconic Maul","","60","","","17","17","2","","","","","","","","","","","","3.50","5","0","281","3"
"","2","","20179","22.88","8192","1975","28","5Pysan's Old Greatsword","","23","","","17","17","2","","","-1","","","","","","","","491","3.30","8","0","277","1"
"","2","","5530","17.61","8192","1264","26","6Headbasher","","22","","1","17","17","4","","","","717","","2","The Fury Runs Deep","","5","378","","2.30","5","0","274","1"
"","2","","36518","84.86","8192","22809","83","4Maul of the Redeemed Crusader","","60","","","17","17","2","","1","","","","","","","2","181366","3456","3.60","5","0","272","6"
"","2","","23283","51.25","8192","12802","60","5Darkspear","","55","","","17","17","","","","","","","","","","","","","3.20","6","0","272","1"
"","2","","22241","19.81","8192","6679","29","6Armor Piercer","","24","","","17","17","2","","","-1","","","","Razorfen Spearhide","","1","4438","491","2.60","6","0","265","1"
"","2","","28714","48.87","8192","13044","57","5Demonslayer","","52","","","17","17","2","","","-1","","","","","","","","1377","3.10","8","0","263","1"
"","2","","23240","48.08","8192","12776","56","5Enchanted Battlehammer","","51","","","17","17","1","","","","11","inv_hammer_05","","Enchanted Battlehammer","164","6","16973","","2.60","5","0","262","1"
"","2","","8588","8.33","8192","3103","12","6Coldridge Hammer","","6","","1","17","17","4","","","","1","","0","Protecting the Herd","","5","314","","2.70","5","0","258","1"
"","2","","20638","30.00","8192","1986","41","6Gutrender","","36","","","17","17","2","","","","","","","Mosh'Ogg Warmonger","","1","709","33","2.60","8","0","256","1"
"","2","","32604","62.57","8192","19874","66","4Halberd of Smiting","","60","","","17","17","2","","1","","","","","Bloodlord Mandokir","","1","11382","1977","3.50","6","0","254","4"
"","2","","34556","49.71","8192","22208","58","5Lavastone Hammer","","53","","","17","17","2","","1","-1","","","","Magmus","","1","9938","1584","3.40","5","0","253","5"
"","2","","18388","41.96","8192","13055","48","5Bonechewer","","43","","","17","17","2","","","","","","","","","","","","2.80","6","0","252","1"
"","2","","28207","42.71","8192","12000","55","6Limb Cleaver","","50","","","17","17","4","","","","","","","","","","","1584","2.40","1","0","251","1"
"","2","","20119","11.91","8192","6186","18","6Trogg Slicer","","13","","1","17","17","4","","","","38","","0","Gathering Idols","","5","297","","3.40","8","0","249","1"
"","2","","23434","43.33","8192","12775","56","6Huge Thorium Battleaxe","","51","","","17","17","1","","","","11","inv_weapon_halberd_11","","Huge Thorium Battleaxe","164","6","16971","","3.30","1","0","248","1"
"","2","","35255","81.81","8192","22813","81","4Claymore of Unholy Might","","60","","","17","17","2","","1","","","","","Gluth","","1","15932","3456","3.60","8","0","245","6"
"","2","","31858","68.13","8192","19354","71","4Draconic Avenger","","60","","","17","17","2","","","","","","","Death Talon Wyrmguard","","1","12460","","3.20","1","0","238","3"
"","2","","22031","48.18","8192","11809","56","5Flame Wrath","","51","","","17","17","2","","1","-1","","","","Ambassador Flamelash","","1","9156","1584","3.30","6","0","238","1"
"","2","","22239","24.69","8192","1522","36","6Headhunting Spear","","31","","","17","17","2","","","","","","","Bloodscalp Headhunter","","1","671","33","3.20","6","0","234","1"
"","2","","22249","21.09","8192","12249","31","6Merciless Axe","","26","","","17","17","5","","","","","","","","","","","","3.20","1","0","233","1"
"","2","","24816","53.09","8192","13983","62","5Gravestone War Axe","","57","","","17","17","2","","","-1","","","","Kirtonos the Herald","","1","10506","2057","3.40","1","0","224","1"
"","2","","8000","13.10","8192","5182","20","6Shiver Blade","","15","","","17","17","2","","","-1","","","","Gesharahan","","1","3398","17","2.90","8","0","223","1"
"","2","","33882","62.50","8192","21492","66","4Manslayer of the Qiraji","","60","","","17","17","2","","1","","","","","General Rajaxx","","1","15341","3429","3.60","8","0","221","5"
"","2","","19275","20.28","8192","3210","30","6Brutal War Axe","","25","","","17","17","2","","","","","","","","","","","","3.60","1","0","221","1"
"","2","","5949","14.38","8192","5200","22","6Impaling Harpoon","","20","","","17","17","2","","","-1","","","","Captain Greenskin","","1","647","1581","2.40","6","0","219","1"
"","2","","19306","33.72","8192","1521","44","6Lumbering Ogre Axe","","39","","","17","17","2","","","","","","","Dustbelcher Lord","","1","2719","3","3.90","1","0","211","1"
"","2","True","8499","11.94","8192","3195","18","6Barbaric Battle Axe","","13","","","17","17","2","","","","","","","","","","","","3.60","1","0","208","1"
"","2","","16147","16.00","8192","7957","26","7Bronze Greatsword","","21","","","17","17","1","","","","11","inv_sword_20","","Bronze Greatsword","164","6","9986","","3.00","8","0","207","1"
"","2","","22234","43.33","8192","7959","50","5Blight","","45","","","17","17","1","","","","11","inv_spear_07","","Blight","164","6","10011","","2.70","6","0","205","1"
"","2","","28468","26.67","8192","15260","38","6Stone Hammer","","33","","","17","17","2","","","","","","","","","","","","3.00","5","0","203","1"
"","2","","28096","19.09","8192","15464","28","6Brute Hammer","","24","","2","17","17","4","","","","400","","1","Arikara","","5","5088","","3.30","5","0","203","1"
"","2","","33123","52.92","8192","20669","62","5Darkstone Claymore","","57","","","17","17","2","","","","","","","The Duke of Fathoms","","1","15207","","3.60","8","0","199","4"
"","2","","15468","22.91","8192","3852","34","6Golden Iron Destroyer","","29","","","17","17","1","","","","11","inv_hammer_04","","Golden Iron Destroyer","164","6","3495","","2.75","5","0","197","1"
"","2","","22214","16.09","8192","1455","24","6Blackrock Champion's Axe","","19","","","17","17","2","","","","","","","","","","","44","3.20","1","0","196","1"
"","2","","22115","11.82","8192","2025","20","7Bearded Axe","","15","","","17","17","5","","","","","","","","","","","","3.30","1","0","194","1"
"","2","","22242","44.17","8192","10799","51","5Headspike","","46","","","17","17","2","","","-1","","","","Atal'alarion","","1","8580","1477","3.00","6","0","193","1"
"","2","","28334","43.42","8192","15271","56","6Colossal Great Axe","","51","","","17","17","2","","","","","","","","","","","","3.80","1","0","192","1"
"","2","","18354","3.75","8192","8177","7","7Practice Sword","","2","","","17","17","2","","","","","","","","","","","","3.20","8","0","184","1"
"","2","","31219","52.90","8192","18759","62","5Malicious Axe","","57","","","17","17","2","","","-1","","","","Death Knight Darkreaver","","1","14516","2057","3.10","1","0","178","1"
"","2","","8526","31.22","8192","1640","42","6Monstrous War Axe","","37","","","17","17","2","","","","","","","","","","","","3.70","1","0","176","1"
"","2","","31954","77.37","8192","18867","78","4Grand Marshal's Battle Hammer","","60","","","17","17","","","","","","","","","","","","","3.80","5","0","175","2"
"","2","","18269","22.88","8192","1991","34","6Goblin Power Shovel","","29","","","17","17","2","","","","","","","Venture Co. Miner","","1","1094","33","3.30","5","0","174","1"
"","2","","10642","9.46","8192","6214","16","7Heavy Copper Maul","","11","","","17","17","1","","","","11","inv_hammer_18","","Heavy Copper Maul","164","6","7408","","2.80","5","0","174","1"
"","2","","20189","41.96","8192","10628","48","5Deathblow","","43","","","17","17","2","","","-1","","","","Atal'ai Deathwalker","","1","5271","1477","2.80","8","0","173","1"
"","2","","31302","77.37","8192","18830","78","4Grand Marshal's Sunderer","","60","","","17","17","","","","","","","","","","","","","3.80","1","0","170","2"
"","2","","23557","53.89","8192","12969","63","5Seeping Willow","","58","","","17","17","2","","","-1","","","","The Beast","","1","10430","1583","3.60","5","0","170","1"
"","2","","2440","53.10","8192","22333","62","5Hammer of Divine Might","","57","","","17","17","","","","","","","","","","","","","2.10","5","0","170","5"
"","2","","33533","62.57","8192","21188","66","4Fist of Cenarius","","60","","","17","17","","","","","","","","","","","","","3.50","5","0","167","5"
"","2","","19544","8.23","8192","4964","12","6Goblin Smasher","","5","32","2","17","17","4","","","","215","","1","Supervisor Fizsprocket","","5","765","","3.10","5","0","167","1"
"","2","","31878","73.38","8192","19357","75","4Herald of Woe","","60","","","17","17","2","","1","","","","","Flamegor","","1","11981","2677","3.40","5","0","160","3"
"","2","","26590","8.33","8192","3192","12","6Short Bastard Sword","","7","","","17","17","2","","","","","","","","","","","","3.00","8","0","160","1"
"","2","","34794","52.22","8192","22314","61","5Huntsman's Harpoon","","56","","","17","17","2","","","","","","","Isalien","","1","16097","","3.60","6","0","157","5"
"","2","","20080","17.50","8192","15249","26","6Polished Zweihander","","21","","","17","17","2","","","","","","","","","","","","3.60","8","0","154","1"
"","2","","28541","45.80","8192","15272","59","6Razor Axe","","54","","","17","17","2","","","","","","","","","","","","2.50","1","0","149","1"
"","2","","22108","15.26","8192","926","25","7Battle Axe","","20","","","17","17","5","","","","","","","","","","","","3.80","1","0","148","1"
"","2","","19302","31.21","8192","9626","42","6Dwarven Charge","","35","","1","17","17","4","","","","1337","","2","The Hidden Chamber","","5","2240","","2.90","1","0","146","1"
"","2","","28460","10.74","8192","15268","16","6Twin-bladed Axe","","11","","","17","17","2","","","","","","","","","","","","2.70","1","0","142","1"
"","2","","8533","29.00","8192","3856","40","6Shadow Crescent Axe","","35","","","17","17","1","","","","11","inv_axe_17","","Shadow Crescent Axe","164","6","3500","","2.50","1","0","139","1"
"","2","","8600","11.88","8192","5187","20","7Rhahk'Zor's Hammer","","15","","","17","17","2","","","-1","","","","Rhahk'Zor","","1","644","1581","3.20","5","0","137","1"
"","2","","28573","16.06","8192","15269","24","6Massive Battle Axe","","19","","","17","17","2","","","","","","","","","","","","3.30","1","0","136","1"
"","2","","31766","77.37","8192","18871","78","4High Warlord's Pig Sticker","","60","","","17","17","","","","","","","","","","","","","3.80","6","0","135","2"
"","2","","5290","46.55","8192","12243","54","5Smoldering Claw","","49","","","17","17","2","","1","-1","","","","","","","","1477","2.90","6","0","135","1"
"","2","","22114","8.28","8192","1196","14","7Tabar","","9","","","17","17","5","","","","","","","","","","","","3.20","1","0","135","1"
"","2","","22654","41.20","8192","12469","47","5Mutilator","","42","","","17","17","","","","","","","","","","","","","2.50","8","0","132","1"
"","2","","5533","24.71","8192","1990","36","6Ballast Maul","","31","","","17","17","2","","","","","","","","","","","","3.40","5","0","131","1"
"","2","","19227","13.03","8192","2907","20","6Dwarven Tree Chopper","","16","","1","17","17","4","","","","38","","0","A Dark Threat Looms","","5","283","","3.30","1","0","131","1"
"","2","","28672","51.36","8192","13060","60","5The Needler","","55","","","17","17","2","","","","","","","","","","","","2.20","6","0","130","1"
"","2","","13360","49.68","8192","18324","58","5Waveslicer","","53","","","17","17","2","","1","-1","","","","Hydrospawn","","1","13280","2557","3.10","1","0","130","2"
"","2","","19242","13.79","8192","872","21","6Rockslicer","","16","","","17","17","2","","","-1","","","","Rhahk'Zor","","1","644","1581","3.30","1","0","129","1"
"","2","True","26585","11.77","8192","3196","18","6Edged Bastard Sword","","13","","","17","17","2","","","","","","","","","","","","3.10","8","0","127","1"
"","2","","36762","58.46","8192","19962","68","5Gri'lek's Carver","","60","","","17","17","2","","","","","","","Gri'lek","","1","15082","1977","3.90","1","0","126","4"
"","2","","20111","10.71","8192","4567","16","6Merc Sword","","11","","","17","17","2","","","","","","","","","","","","2.80","8","0","126","1"
"","2","","20072","10.00","8192","3188","15","6Coral Claymore","","10","","","17","17","2","","","","","","","Slark","","1","519","40","2.80","8","0","125","1"
"","2","","28628","16.76","8192","911","25","6Ironwood Treebranch","","20","","","17","17","2","","","","","","","Splinter Fist Ogre","","1","889","10","3.40","5","0","122","1"
"","2","","20121","13.03","8192","5615","20","6Woodsman Sword","","12","","1","17","17","4","","","","148","","1","Mathystra Relics","","5","951","","3.30","8","0","121","1"
"","2","","28245","12.60","8192","11854","19","6Samophlange Screwdriver","","10","","2","17","17","4","","","","17","","1","Samophlange Manual","","5","3924","","2.50","8","0","120","1"
"","2","","32782","56.53","8192","19918","65","4Jeklik's Crusher","","60","","","17","17","2","","1","","","","","High Priestess Jeklik","","1","14517","1977","3.60","5","0","118","4"
"","2","","34250","76.08","8192","21635","77","4Barb of the Sand Reaver","","60","","","17","17","2","","1","","","","","Fankriss the Unyielding","","1","15510","3428","3.70","6","0","117","5"
"","2","","20186","18.97","8192","3206","28","6Cavalier Two-hander","","23","","","17","17","2","","","","","","","","","","","","2.90","8","0","114","1"
"","2","","31761","77.37","8192","18869","78","4Grand Marshal's Glaive","","60","","","17","17","","","","","","","","","","","","","3.80","6","0","113","2"
"","2","","20184","23.87","8192","3197","35","6Stonecutter Claymore","","30","","","17","17","2","","","","","","","","","","","","3.10","8","0","111","1"
"","2","","6813","9.03","8192","4564","13","6Spiked Club","","8","","","17","17","2","","","","","","","","","","","","3.10","5","0","110","1"
"","2","","7495","10.00","8192","6205","15","6Burrowing Shovel","","10","","","17","17","2","","","","","","","Master Digger","","1","1424","40","2.30","5","0","109","1"
"","2","","28536","21.72","8192","15250","32","6Glimmering Flamberge","","27","","","17","17","2","","","","","","","","","","","","3.20","8","0","107","1"
"","2","","19272","16.90","8192","7958","27","7Bronze Battle Axe","","22","","","17","17","1","","","","11","inv_axe_21","","Bronze Battle Axe","164","6","9987","","2.90","1","0","107","1"
"","2","","14038","11.33","8192","1959","17","6Cold Iron Pick","","12","","","17","17","2","","","","","","","Skeletal Miner","","1","623","","3.00","1","0","105","1"
"","2","","7495","3.78","8192","3334","7","7Farmer's Shovel","","2","","","17","17","2","","","","","","","","","","","85","3.70","5","0","103","1"
"","2","","7495","2.96","8192","1195","6","7Kobold Mining Shovel","","3","","","17","17","2","21","","","","","","","","","","","2.70","5","0","103","1"
"","2","","19372","14.55","8192","3199","22","6Battle Slayer","","17","","","17","17","2","","","","","","","","","","","","3.30","1","0","102","1"
"","2","True","28535","13.10","8192","15248","20","6Gleaming Claymore","","15","","","17","17","2","","","","","","","","","","","","2.90","8","0","102","1"
"","2","","22095","9.06","8192","1198","15","7Claymore","","10","","","17","17","5","","","","","","","","","","","","3.20","8","0","101","1"
"","2","","28576","45.79","8192","15256","59","6Massacre Sword","","54","","","17","17","2","","","","","","","","","","","","3.80","8","0","98","1"
"","2","","19283","19.03","8192","3201","28","6Barbarian War Axe","","23","","","17","17","2","","","","","","","","","","","","3.10","1","0","98","1"
"","2","","19246","13.00","8192","5626","20","6Skullchipper","","15","","1","17","17","4","","","","148","","1","The Absent Minded Prospector","","5","943","","3.50","1","0","98","1"
"","2","","28524","28.95","8192","15261","40","6Sequoia Branch","","35","","","17","17","2","","","","","","","","","","","","3.80","5","0","97","1"
"","2","","16146","15.16","8192","7956","25","7Bronze Warhammer","","20","","","17","17","1","","","","11","inv_hammer_18","","Bronze Warhammer","164","6","9985","","3.10","5","0","96","1"
"","2","","31750","77.37","8192","18868","78","4High Warlord's Pulverizer","","60","","","17","17","","","","","","","","","","","","","3.80","5","0","93","2"
"","2","","5176","19.70","8192","2014","29","6Black Metal Greatsword","","24","","","17","17","2","","","","","","","Fetid Corpse","","1","1270","10","3.30","8","0","92","1"
"","2","","8586","10.00","8192","4570","15","6Birchwood Maul","","10","","","17","17","2","","","","","","","","","","","","3.30","5","0","90","1"
"","2","","22250","22.96","8192","12250","34","6Midnight Axe","","29","","","17","17","5","","","","","","","","","","","","2.70","1","0","89","1"
"","2","","28548","16.88","8192","15259","25","6Hefty Battlehammer","","20","","","17","17","2","","","","","","","","","","","","3.20","5","0","88","1"
"","2","","22121","5.00","8192","2493","9","7Wooden Mallet","","4","","","17","17","5","","","","","","","","","","","","2.60","5","0","88","1"
"","2","","34507","58.57","8192","19900","68","5Zulian Stone Axe","","60","","","17","17","2","","1","","","","","High Priest Venoxis","","1","14507","1977","2.80","1","0","87","4"
"","2","","26586","30.17","8192","1625","41","6Exquisite Flamberge","","36","","","17","17","2","","","","","","","","","","","","3.00","8","0","87","1"
"","2","","5233","32.32","8192","9678","43","6Tok'kar's Murloc Basher","","35","","2","17","17","4","","","","8","","0","Threat From the Sea","","5","1427","","2.80","5","0","85","1"
"","2","","22097","15.97","8192","922","26","7Dacian Falx","","21","","","17","17","5","","","","","","","","","","","","3.10","8","0","85","1"
"","2","","19390","11.82","8192","6094","18","6Piercing Axe","","14","","1","17","17","4","","","","1581","","2","Red Silk Bandanas","","5","214","","3.30","1","0","85","1"
"","2","","20112","7.59","8192","4939","11","6Steady Bastard Sword","","4","","2","17","17","4","","","","14","","1","Skull Rock","","5","827","","2.70","8","0","82","1"
"","2","","19304","33.62","8192","1680","44","6Headchopper","","39","","","17","17","2","","","-1","","","","Mosh'Ogg Butcher","","1","723","33","2.90","1","0","79","1"
"","2","","19232","13.04","8192","1220","20","6Lupine Axe","","15","","","17","17","2","","","","","","","Redridge Drudger","","1","580","44","2.30","1","0","79","1"
"280","2","","21775","48.13","8192","11786","56","5Stone of the Earth","","51","","","17","17","2","","1","-1","","","","Panzor the Invincible","","1","8923","1584","3.20","8","0","78","1"
"","2","","8534","15.31","8192","2175","23","6Shadowhide Battle Axe","","18","","","17","17","2","","","","","","","Shadowhide Warrior","","1","568","44","3.20","1","0","75","1"
"","2","","25148","50.44","8192","14531","59","5Frightskull Shaft","","54","","","17","17","2","","","-1","","","","Rattlegore","","1","11622","2057","3.40","5","0","74","1"
"","2","","28529","44.26","8192","15255","57","6Gallant Flamberge","","52","","","17","17","2","","","","","","","","","","","","3.40","8","0","72","1"
"","2","","19255","18.97","8192","2015","28","6Black Metal War Axe","","23","","","17","17","2","","","","","","","Brain Eater","","1","570","10","2.90","1","0","72","1"
"","2","","5137","24.68","8192","1679","36","6Korg Bat","","31","","","17","17","2","","","","","","","Mosh'Ogg Brute","","1","1142","33","3.10","5","0","71","1"
"","2","","34474","61.36","8192","21806","71","5Gavel of Qiraji Authority","","60","","","17","17","2","","","","","","","","","","","","2.20","5","0","70","5"
"","2","","20152","20.47","8192","2084","30","6Darksteel Bastard Sword","","25","","","17","17","2","","","","","","","Dark Iron Demolitionist","","1","1054","11","3.20","8","0","70","1"
"","2","","28629","31.25","8192","11265","42","6Cragwood Maul","","37","","2","17","17","4","","","","10","","0","Nothing But The Truth","","5","1383","","2.80","5","0","69","1"
"","2","","33113","51.35","8192","20660","60","5Stonecutting Glaive","","55","","","17","17","2","","","","","","","Hoary Templar","","1","15212","","3.70","6","0","68","4"
"","2","","25631","52.32","8192","13148","61","5Chillpike","","56","","","17","17","2","","1","-1","","","","Overlord Wyrmthalak","","1","9568","1583","2.80","6","0","67","1"
"","2","","34331","70.71","8192","21703","73","4Hammer of Ji'zhi","","60","","","17","17","2","","1","","","","","The Prophet Skeram","","1","15263","3428","3.50","5","0","66","5"
"","2","True","19526","23.18","8192","4022","50","8Crushing Maul","","45","","","17","17","2","","","","","","","","","","","","3.30","5","0","66","1"
"","2","","6264","19.84","8192","756","29","6Tunnel Pick","","24","","","17","17","2","","","","","","","Dark Iron Tunneler","","1","1053","11","3.10","1","0","66","1"
"","2","","23224","40.42","8192","12764","52","6Thorium Greatsword","","47","","","17","17","","","","","","","","","","","","","3.60","8","0","64","1"
"","2","","28540","35.74","8192","15262","46","6Greater Maul","","41","","","17","17","2","","","","","","","","","","","","3.40","5","0","64","1"
"","2","","22133","22.29","8192","2525","35","7War Hammer","","30","","","17","17","5","","","","","","","","","","","","3.50","5","0","64","1"
"","2","","30836","53.10","8192","18502","62","5Monstrous Glaive","","57","","","17","17","2","","1","-1","","","","Captain Kromcrush","","1","14325","2557","2.90","6","0","63","2"
"","2","","28465","37.97","8192","15252","49","6Tusker Sword","","44","","","17","17","2","","","","","","","","","","","","3.70","8","0","63","1"
"","2","","20038","11.41","8192","2204","17","6Brashclaw's Skewer","","12","","","17","17","2","","","-1","","","","Sergeant Brashclaw","","1","506","40","3.20","8","0","63","1"
"","2","","18342","36.45","8192","8199","47","6Battlefield Destroyer","","42","","","17","17","2","","","","","","","","","","","","3.10","8","0","62","1"
"","2","","36079","77.37","8192","23465","78","4High Warlord's Destroyer","","60","","","17","17","","","","","","","","","","","","","3.80","5","0","60","6"
"","2","","30778","44.29","8192","18410","57","6Sprinter's Sword","","54","","","17","17","4","","","","2557","","2","Pusillin and the Elder Azj'Tordin","","5","7441","","2.80","8","0","60","2"
"","2","","36065","77.37","8192","23455","78","4Grand Marshal's Demolisher","","60","","","17","17","","","","","","","","","","","","","3.80","5","0","59","6"
"","2","","19291","15.14","8192","5749","23","6Scythe Axe","","18","","","17","17","2","","","","","","","Ma'ruk Wyrmscale","","1","2090","11","3.60","1","0","59","1"
"","2","","28349","48.93","8192","15273","63","6Death Striker","","58","","","17","17","2","","","","","","","","","","","1977","2.80","1","0","58","1"
"","2","","22219","18.29","8192","2227","27","6Heavy Ogre War Axe","","22","","","17","17","2","","","","","","","Splinter Fist Taskmaster","","1","892","10","3.80","1","0","57","1"
"","2","","28321","40.43","8192","15253","52","6Beheading Blade","","47","","","17","17","2","","","","","","","","","","","","3.50","8","0","56","1"
"","2","","19611","18.24","8192","2058","27","6Kazon's Maul","","22","","","17","17","2","","","","","","","Kazon","","1","584","44","3.40","5","0","56","1"
"","2","","5527","13.65","8192","1218","21","6Heavy Gnoll War Club","","16","","","17","17","2","","","","","","","Redridge Alpha","","1","445","44","3.70","5","0","56","1"
"","2","True","19374","22.88","8192","4020","49","8Splintering Battle Axe","","44","","","17","17","2","","","","","","","","","","","","3.30","1","0","54","1"
"","2","","20091","11.79","8192","2822","18","6Mo'grosh Toothpick","","13","","","17","17","2","","","","","","","Mo'grosh Ogre","","1","1178","38","2.80","8","0","54","1"
"","2","","18531","20.36","8192","9604","30","6Mechanic's Pipehammer","","25","","1","17","17","4","","","","721","","2","Data Rescue","","5","2930","","2.80","5","0","53","1"
"","2","True","19545","13.71","8192","3193","21","6Oak Mallet","","16","","","17","17","2","","","","","","","","","","","","3.50","5","0","53","1"
"","2","","8601","15.17","8192","1458","23","6Shadowhide Maul","","18","","","17","17","2","","","","","","","Shadowhide Brute","","1","432","44","3.00","5","0","52","1"
"","2","","8585","15.16","8192","3198","23","6Battering Hammer","","18","","","17","17","2","","","","","","","","","","","","3.10","5","0","51","1"
"","2","","8525","4.24","8192","3189","8","7Wood Chopper","","3","","","17","17","2","21","","","","","","","","","","","3.30","1","0","51","1"
"","2","","28674","48.97","8192","15267","63","6Brutehammer","","58","","","17","17","2","","","","","","","","","","","","3.40","5","0","50","1"
"","2","","28533","35.63","8192","15270","46","6Gigantic War Axe","","41","","","17","17","2","","","","","","","","","","","","3.20","1","0","49","1"
"","2","","6806","9.06","8192","3440","13","6Bonecracker","","7","","2","17","17","4","","","","85","","0","The Family Crypt","","5","408","","3.20","5","0","49","1"
"","2","","28347","41.82","8192","15254","54","6Dark Espadon","","49","","","17","17","2","","","","","","","","","","","","3.30","8","0","48","1"
"","2","","8506","12.50","8192","2203","19","6Brashclaw's Chopper","","14","","","17","17","2","","","-1","","","","Sergeant Brashclaw","","1","506","40","3.40","1","0","48","1"
"","2","","19612","8.48","8192","2254","12","6Icepane Warhammer","","7","","","17","17","2","","","","","","","Hammerspine","","1","1119","1","3.30","5","0","48","1"
"","2","","5128","38.04","8192","1639","49","6Grinning Axe","","44","","","17","17","2","","","","","","","","","","","","2.80","1","0","47","1"
"","2","","14040","9.00","8192","6206","15","7Rock Chipper","","10","","","17","17","2","","","","","","","Master Digger","","1","1424","40","3.50","1","0","46","1"
"","2","","28517","50.56","8192","15258","65","6Divine Warblade","","60","","","17","17","2","","","","","","","","","","","1977","2.70","8","0","45","1"
"","2","","23230","41.83","8192","12772","54","6Inlaid Thorium Hammer","","49","","","17","17","","","","","","","","","","","","","3.00","5","0","45","1"
"","2","","19375","16.90","8192","1461","25","6Slayer's Battle Axe","","20","","","17","17","2","","","","","","","Shadowhide Slayer","","1","431","44","2.90","1","0","45","1"
"","2","","32446","58.43","8192","19963","68","5Pitchfork of Madness","","60","","","17","17","2","","","","","","","Renataki","","1","15084","1977","3.50","6","0","44","4"
"","2","","26589","47.95","8192","15257","62","6Shin Blade","","57","","","17","17","2","","","","","","","","","","","","2.20","8","0","44","1"
"","2","","5638","13.75","8192","1406","21","6Pearl-encrusted Spear","","20","","","17","17","2","","","","","","","Murloc Nightcrawler","","1","544","44","3.20","6","0","44","1"
"","2","","19231","10.83","8192","3586","16","6Logsplitter","","9","","2","17","17","4","","","","130","","0","Arugal's Folly","","5","99","","3.60","1","0","44","1"
"","2","","28499","44.82","8192","15265","58","6Painbringer","","53","","","17","17","2","","","","","","","","","","","","2.80","5","0","43","1"
"","2","","5534","24.72","8192","1523","36","6Huge Stone Club","","31","","","17","17","2","","","","","","","Bloodscalp Berserker","","1","597","33","3.60","5","0","43","1"
"","2","True","19287","13.04","8192","3779","32","8Hefty War Axe","","27","","","17","17","2","","","","","","","","","","","","2.80","1","0","43","1"
"","2","","20109","13.10","8192","1460","20","6Shadowhide Two-handed Sword","","15","","","17","17","2","","","","","","","Rabid Shadowhide Gnoll","","1","434","44","2.90","8","0","43","1"
"","2","","20069","7.17","8192","9602","10","6Brushwood Blade","","","","","17","17","","","","","","","","","","","","","3.00","8","0","40","1"
"","2","","5232","37.29","8192","3208","48","6Conk Hammer","","43","","","17","17","2","","","","","","","","","","","","3.50","5","0","39","1"
"","2","","19236","12.50","8192","2823","19","6Mo'grosh Can Opener","","14","","","17","17","2","","","","","","","Mo'grosh Brute","","1","1180","38","3.20","1","0","37","1"
"","2","","5233","46.56","8192","18481","60","6Skullcracking Mace","","55","","","17","17","2","","","-1","","","","","","","","2557","3.20","5","0","36","2"
"","2","","20071","6.33","8192","7955","11","7Copper Claymore","","6","","","17","17","1","","","","11","inv_sword_21","","Copper Claymore","164","6","9983","","3.00","8","0","36","1"
"","2","True","19374","27.60","8192","13819","59","8Balanced War Axe","","54","","","17","17","2","","","","","","","","","","","","2.50","1","0","35","1"
"","2","","28534","38.70","8192","15263","50","6Royal Mallet","","45","","","17","17","2","","","","","","","","","","","","2.70","5","0","35","1"
"","2","","6799","4.42","8192","3190","8","7Beatstick","","3","","","17","17","2","21","","","","","","","","","","","2.60","5","0","35","1"
"","2","True","20150","13.79","8192","3781","34","8Broad Claymore","","29","","","17","17","2","","","","","","","","","","","","3.30","8","0","34","1"
"","2","","20170","19.74","8192","913","29","6Huge Ogre Sword","","24","","","17","17","","","","","","","","","","","","","3.80","8","0","34","1"
"","2","","32430","58.48","8192","19946","68","5Tigule's Harpoon","","60","","","17","17","2","","1","","","","","Gahz'ranka","","1","15114","1977","3.30","6","0","33","4"
"","2","","8298","6.45","8192","5595","11","7Thicket Hammer","","1","","1","17","17","4","","","","141","","1","Crown of the Earth","","5","935","","3.10","5","0","33","1"
"","2","","22094","3.62","8192","2489","7","7Two-handed Sword","","2","","","17","17","5","","","","","","","","","","","","2.90","8","0","33","1"
"","2","","25632","40.37","8192","11864","52","6White Bone Spear","","48","","2","17","17","4","","","","1637","","1","Bone-Bladed Weapons","","5","4300","","2.70","6","0","32","1"
"","2","","22093","2.17","8192","1194","4","7Bastard Sword","","","","","17","17","5","","","","","","","","","","","","3.00","8","0","31","1"
"","2","","28526","47.42","8192","15266","61","6Fierce Mauler","","56","","","17","17","2","","","","","","","","","","","","3.30","5","0","30","1"
"","2","","22111","31.25","8192","2531","44","7Great Axe","","39","","","17","17","5","","","","","","","","","","","","3.60","1","0","29","1"
"","2","True","19532","14.19","8192","3782","35","8Large War Club","","30","","","17","17","2","","","","","","","","","","","","3.10","5","0","28","1"
"","2","","22131","16.03","8192","924","26","7Maul","","21","","","17","17","5","","","","","","","","","","","","2.90","5","0","27","1"
"","2","","22291","1.38","8192","12282","2","7Worn Battleaxe","","","","","17","17","","","","","","","","","","","","","2.90","1","0","27","1"
"","2","","28311","43.39","8192","15264","56","6Backbreaker","","51","","","17","17","2","","","","","","","","","","","","3.10","5","0","26","1"
"","2","True","20195","26.90","8192","13817","58","8Tapered Greatsword","","53","","","17","17","2","","","","","","","","","","","","2.90","8","0","25","1"
"","2","","8602","9.53","8192","5345","14","6Stonewood Hammer","","9","","2","17","17","4","","","","17","","1","Centaur Bracers","","5","855","","3.20","5","0","25","1"
"","2","True","20195","18.71","8192","4018","42","8Whetted Claymore","","37","","","17","17","2","","","","","","","","","","","","3.10","8","0","23","1"
"","2","","26500","15.15","8192","15810","25","7Short Spear","","20","","","17","17","5","","","","","","","","","","","","3.30","6","0","20","1"
"","2","True","8587","10.86","8192","1826","27","8Rock Maul","","22","","","17","17","2","","","","","","","","","","","","2.90","5","0","19","1"
"","2","","8899","2.73","8192","5777","5","7Brave's Axe","","1","","2","17","17","4","","","","215","","1","Rite of Strength","","5","757","","3.30","1","0","19","1"
"","2","","8512","2.10","8192","2479","4","7Broad Axe","","","","","17","17","5","","","","","","","","","","","","3.10","1","0","19","1"
"","2","","22098","33.57","8192","2529","46","7Zweihander","","41","","","17","17","5","","","","","","","","","","","","2.80","8","0","18","1"
"","2","True","19292","8.96","8192","1824","23","8Shiny War Axe","","18","","","17","17","2","","","","","","","","","","","","2.40","1","0","17","1"
"","2","","22084","23.13","8192","2521","36","7Flamberge","","31","","","17","17","5","","","","","","","","","","","","3.20","8","0","16","1"
"","2","","5636","22.37","8192","15811","35","7Heavy Spear","","30","","","17","17","5","","","","","","","","","","","","3.80","6","0","16","1"
"","2","True","20074","2.97","8192","1412","7","8Crude Bastard Sword","","2","","","17","17","2","21","","","","","","","","","","","3.20","8","0","16","1"
"","2","","5226","9.00","8192","1197","15","7Giant Mace","","10","","","17","17","5","","","","","","","","","","","","3.50","5","0","15","1"
"","2","True","20092","5.69","8192","1513","14","8Old Greatsword","","9","","","17","17","2","","","","","","","","","","","","3.60","8","0","15","1"
"","2","True","28691","26.53","8192","13821","57","8Bulky Maul","","52","","","17","17","2","","","","","","","","","","","","3.60","5","0","14","1"
"","2","","8593","12.57","8192","2026","21","7Rock Hammer","","16","","","17","17","5","","","","","","","","","","","","3.70","5","0","14","1"
"","2","True","8501","3.39","8192","1417","8","8Beaten Battle Axe","","3","","","17","17","2","21","","","","","","","","","","","3.10","1","0","14","1"
"","2","","22096","12.59","8192","2024","21","7Espadon","","16","","","17","17","5","","","","","","","","","","","","2.90","8","0","13","1"
"","2","","19252","5.00","8192","3325","9","7Vile Fin Battle Axe","","4","","","17","17","2","","","","","","","","","","","85","3.10","1","0","13","1"
"","2","True","19369","10.77","8192","1828","27","8Stone War Axe","","22","","","17","17","2","","","","","","","","","","","","2.60","1","0","12","1"
"","2","True","19226","5.00","8192","1512","12","8Crude Battle Axe","","7","","","17","17","2","","","","","","","","","","","","3.00","1","0","12","1"
"","2","True","20037","6.61","8192","1811","17","8Blunt Claymore","","12","","","17","17","2","","","","","","","","","","","","3.10","8","0","11","1"
"","2","True","19245","6.61","8192","1812","17","8Short-handled Battle Axe","","12","","","17","17","2","","","","","","","","","","","","3.10","1","0","11","1"
"","2","True","19533","5.67","8192","1514","14","8Rusty Warhammer","","9","","","17","17","2","","","","","","","","","","","","3.00","5","0","11","1"
"","2","","20117","1.56","8192","2754","3","7Tarnished Bastard Sword","","","","","17","17","2","","","","","","","","","","","85","3.20","8","0","11","1"
"","2","True","20183","9.67","8192","1818","24","8Standard Claymore","","19","","","17","17","2","","","","","","","","","","","","3.00","8","0","10","1"
"","2","","19546","13.75","8192","3571","21","6Trogg Beater","","16","","","17","17","2","","","-1","","","","Magosh","","1","1399","38","3.60","5","0","10","1"
"","2","","19601","1.56","8192","2480","3","7Large Club","","","","","17","17","5","","","","","","","","","","","","3.20","5","0","10","1"
"","2","True","4129","11.41","8192","1830","28","8Long Bastard Sword","","23","","","17","17","2","","","","","","","","","","","","3.20","8","0","9","1"
"","2","","8511","4.84","8192","2499","9","7Double-bladed Axe","","4","","","17","17","","","","","","","","","","","","","3.20","1","0","9","1"
"","2","","8690","1.38","8192","2361","2","7Battleworn Hammer","","","","","17","17","","","","","","","","","","","","","2.90","5","0","9","1"
"","2","","19614","5.00","8192","2501","9","7Wooden Warhammer","","4","","","17","17","","","","","","","","","","","","","3.00","5","0","7","1"
"","2","True","19525","3.79","8192","1414","9","8Cracked Sledge","","4","","","17","17","2","21","","","","","","","","","","","3.30","5","0","7","1"
"","2","","20084","2.73","8192","5779","5","7Forsaken Bastard Sword","","2","","2","17","17","4","","","","85","","0","The Scarlet Crusade","","5","381","","3.30","8","0","7","1"
"","2","","19247","2.57","8192","1386","5","7Thistlewood Axe","","","","","17","17","","","","","","","","","","","","","3.50","1","0","7","1"
"","2","","19627","1.56","8192","2486","3","7Large Stone Mace","","","","","17","17","","","","","","","","","","","","","3.20","5","0","7","1"
"","2","","19243","1.61","8192","2483","3","7Rough Broad Axe","","","","","17","17","","","","","","","","","","","","","2.80","1","0","6","1"
"","2","","22134","32.42","8192","2533","45","7War Maul","","40","","","17","17","5","","","","","","","","","","","","3.30","5","0","5","1"
"","2","True","19534","7.41","8192","1814","19","8Battered Mallet","","14","","","17","17","2","","","","","","","","","","","","2.90","5","0","5","1"
"","2","","19544","2.58","8192","5761","5","7Anvilmar Sledge","","1","","1","17","17","4","","","","1","","0","The Troll Cave","","5","182","","3.10","5","0","5","1"
"","2","True","19535","8.62","8192","1820","22","8Wooden Maul","","17","","","17","17","2","","","","","","","","","","","","2.90","5","0","4","1"
"","2","","2399","5.00","8192","2497","9","7Rusted Claymore","","4","","","17","17","","","","","","","","","","","","","3.10","8","0","4","1"
"","2","","2380","1.96","8192","2128","4","7Scratched Claymore","","","","","17","17","","","","","","","","","","","","","2.80","8","0","4","1"
"","2","","19544","2.59","8192","5579","5","7Militia Warhammer","","2","","1","17","17","4","","","","12","","0","Brotherhood of Thieves","","5","18","","2.90","5","0","3","1"
